{"cameraMode":{"drawMode":0,"name":"Shaded","section":"Shading Mode"},"sceneLighting":true,"audioPlay":false,"sceneViewState":{"m_AlwaysRefresh":false,"showFog":true,"showSkybox":true,"showFlares":true,"showImageEffects":true,"showParticleSystems":true,"showVisualEffectGraphs":true,"m_FxEnabled":true},"in2DMode":false,"pivot":{"x":0.010664820671081543,"y":-9.065418243408204,"z":9.857608795166016},"rotation":{"x":0.33500170707702639,"y":0.02425902709364891,"z":-0.00863894447684288,"w":0.9419394135475159},"size":18.40224838256836,"orthographic":false}